question_id,paper_text,outcome
user_paper_01,"TITLE:
Uncovering Hierarchical Asymmetries in AI Transformation: Navigating the Bright and Dark Sides Across Organizational Levels

AUTHORS AND AFFILIATIONS:
Seongkyun Seo1, Joung-il Park1, Minho Lee1, Un-Kon Lee2 and Cheong Kim 1, 3
1Seoul Business School, aSSIST University
2Department of Administration, THE UNIVERSITY OF SUWON
3Department of Management Information Systems, Dong-A University
Corresponding Author: Cheong Kim <montwins@dau.ac.kr>  

SUMMARY:
This study examines how organizational hierarchy shapes perceptions of AI transformation success factors, using survey data from 293 professionals and multi-group PLS-SEM analysis. The results reveal asymmetries between executives and practitioners in how they perceive dynamic capabilities, with implications for aligning AI transformation strategies across organizational levels.

Abstract: 
As organizations embrace artificial intelligence transformation (AX), they encounter both opportunities and significant challenges. This study investigates how organizational hierarchy shapes perceptions of AI transformation success factors, revealing asymmetries between executives and practitioners. Based on cross-sectional survey data from 293 professionals engaged in AI projects, four key dynamic capabilities are identified—operational agility, data and system readiness, customer proximity, and strategic process discipline—that are positively associated with perceived AX performance. A multi-group PLS-SEM analysis indicates that executives tend to prioritize strategic leadership and environmental responsiveness (the “bright side”), while practitioners place greater emphasis on risk tolerance, innovation culture, and system integration challenges (the “dark side”). These findings suggest a dual nature of AI transformation: while it presents opportunities for competitive advantage, it also introduces complexities in alignment, governance, and implementation that appear to vary across hierarchical levels. This research contributes to understanding both the enabling factors and perceived obstacles in AI transformation, offering preliminary insights that may inform the development of more balanced AX strategies addressing both opportunities and risks.
INTRODUCTION: 
The acceleration of artificial intelligence technologies has created a dual landscape for business organizations: extraordinary opportunities for value creation alongside significant risks and challenges 1,2. While generative AI and traditional AI technologies promise enhanced productivity, innovation, and competitive advantage 3, they simultaneously raise concerns about bias, job displacement, inequality, and ethical dilemmas 4,5. This duality—the bright and dark sides of AI—demands careful examination of how organizations navigate both opportunities and risks in their transformation journeys.
Recent studies document AI's transformative potential across multiple domains, including customer interaction optimization, operational efficiency enhancement, and decision-making improvement 6,7. However, these advancements come with substantial challenges. Discrimination and bias in AI systems can perpetuate existing inequalities 8, automation threatens employment stability 9, and the opacity of AI algorithms raises accountability concerns 10. The growing divide between AI-enabled firms and less technologically advanced organizations exacerbates economic disparity 11, while transparency and trust issues complicate stakeholder relationships 12.
Despite extensive literature on digital transformation 13, AI-driven transformation requires distinct analysis as a separate phenomenon 14,15. Black, Samson, et al. 16identified critical enablers for AI-enabled business model transformation through a dynamic capabilities lens, but their framework does not address how these factors are perceived and enacted differently across organizational hierarchies. This gap is particularly consequential given emerging evidence of misalignment between executive strategy and practitioner implementation 17. 
Practitioner-oriented reports provide additional, albeit non-peer-reviewed, evidence of these challenges. For instance, an industry report based on 52 organizations suggested that a large majority of enterprise AI pilots do not reach production, with the authors documenting apparent divergences between organizational levels: executives tended to prioritize strategic outcomes such as cost-efficiency and competitive positioning, while practitioners reported persistent obstacles related to data quality, system integration, and workflow adaptation18. Although these figures are drawn from an industry report rather than peer-reviewed research, they are consistent with the broader scholarly literature suggesting that organizational position may influence the perception of both AI’s opportunities and risks.
This study addresses this gap by investigating: (1) whether the factors identified by Black, et al. 16 maintain empirical validity across organizational contexts, and (2) how executives and practitioners differ in their perceptions of these relationships, particularly regarding the bright and dark sides of AI transformation. By introducing organizational hierarchy as a structural moderator, this study examines whether systematic asymmetries exist in how different levels perceive AI’s promises and perils. The findings suggest that both enabling factors and obstacles in AI transformation may be perceived differently across hierarchical levels, with implications for alignment and governance strategies.
PROTOCOL:
This study was conducted in compliance with ethical guidelines for human subject's research at aSSIST University, THE UNIVERSITY OF SUWON and Dong-A University. This study was determined to be exempt from formal ethical review by the Institutional Review Board at aSSIST University, as the survey collected only anonymized responses and did not involve identifiable private information. No additional review was sought at the co-author institutions, as the primary data collection and study design were approved at the lead institution. Informed consent was obtained from all participants prior to the survey. Participants were informed of the study’s purpose, the anonymized nature of data collection, the intended use of the data for academic research, and the absence of anticipated risks. Consent was recorded through a digital consent form presented at the beginning of the online survey on Prolific. During the preparation of this manuscript, the authors usedGenerative AI to paraphrase sentences, enhance readability, and correct grammatical errors. After using this tool, the authors reviewed and edited the content as needed and took full responsibility for the final version of the published article.
Theoretical Background and Hypothesis Development
The Dual Nature of AI Transformation
The literature increasingly acknowledges duality of AX. Grewal, Guha, et al. 19 examine AI's ""light and darkness,"" while Belanche, Belk, et al. 20 explore bright and dark sides in services. Belanche, et al. 20 investigate algorithmic management's contrasting effects, and Barari, et al. 1 provide meta-analytic evidence of AI's dark side in marketing. These studies collectively demonstrate that AI transformation cannot be understood through a purely optimistic lens; rather, organizations must simultaneously manage opportunities and mitigate risks.
Building on Black, et al. 16, four dynamic capabilities critical for navigating this duality are examined: (1) Ability to Run & Change, enabling simultaneous exploitation and exploration 21; (2) AI-Oriented Data/IS Readiness, providing infrastructure for AI deployment while managing data quality and integration challenges 22; (3) Market/Customer Awareness, balancing personalization opportunities with privacy concerns 23; and (4) Strategic Process Discipline, ensuring governance while maintaining agility 24. As illustrated in Figure 1, these capabilities are interconnected and influenced by environmental context, proactive leadership, and organizational enablers, collectively associated with transformation outcomes.
Figure 1. AI transformation model by Black, et al. 16
<Place Figure 1 here> 
Dynamic Capabilities in AI Transformation
Dynamic capabilities theory explains how firms maintain competitive advantage in volatile environments through sensing, seizing, and transforming 25. In AI contexts, these capabilities enable organizations to leverage technological opportunities while managing associated risks.
Ability to Run & Change represents organizational agility in balancing current operations with innovation. While agility enables rapid AI adoption 26, it also introduces risks of premature deployment and insufficient testing. Nguyen, Le, et al. 27 show that AI disrupts traditional linear change models, requiring iterative, feedback-based systems. However, this constant adaptation can create organizational instability if not properly managed 28.
AI-Oriented Data/IS Readiness serves as foundational infrastructure, but readiness encompasses both technical capabilities and organizational challenges. While robust data systems enable AI value creation 22, fragmented systems and poor data quality limit effectiveness 29. Ghosh 30 conceptualizes readiness as an interdependent system requiring continuous adaptation, highlighting both its enabling potential and implementation complexity.
Market/Customer Awareness enables organizations to sense customer needs and create personalized experiences 23. However, this capability also raises privacy concerns and risks of over-personalization. The balance between insight generation and privacy protection represents a critical tension in AI transformation 31.
Strategic Process Discipline provides governance structures for AI initiatives, ensuring alignment and accountability 16. Yet excessive discipline can stifle innovation and slow adaptation. The challenge lies in maintaining sufficient structure without creating bureaucratic impediments 32.
H1: Capabilities is positively associated with Performance.
Proactive Leadership
Black, et al. 16 distinguish Proactive Leadership from passive ""top management support,"" emphasizing leaders who actively design strategic agendas, accommodate uncertainty, and monitor AI implementation 33. However, leadership effectiveness in AX depends critically on bridging the executive-practitioner divide. While executives crystallize AI vision and integrate ethical governance 34,35, practitioners provide essential experiential feedback through daily tool interaction, identifying real-world requirements that executives may overlook 36. This hierarchical gap often manifests as strategic enthusiasm at executive levels proceeding without adequate consideration of workflow integration challenges and usability constraints that practitioners encounter. Effective proactive leadership therefore requires bidirectional engagement—executives providing strategic direction while actively incorporating practitioner insights to ensure AI capabilities align with operational realities. This interdependence suggests:
H2. Proactive Leadership is positively associated with Capabilities.
Environmental Context
Environmental context encompasses external forces shaping organizational strategic landscapes. Industry dynamism, defined by Black, et al. 16 as the speed and intensity of change and competition, is characterized by technological sophistication, constant disruption, and continuous competitor entry, forcing organizational nimbleness. High dynamism heightens the urgency of adopting transformative technologies like AI, making adoption speed a critical differentiator 37. Singh, Charan, et al. 38 demonstrate how dynamism enables reconfigurable resource-based capabilities to emerge, indicating that how dynamic capabilities embed in organizational structures either supports or constrains innovation and adaptability. Recent studies reveal environmental dynamism's complex, dual-edged nature: Li, Arony, et al. 39 find it both positively and negatively moderates digitalization effects on business model innovation in Chinese manufacturing, while Binsar, Mursitama, et al. 40 identify its significant moderating effect on digital adoption capabilities and hospital performance in Indonesia. Environmental responsiveness thus represents not merely external adaptation but alignment between organizational systems, culture, and leadership. Accordingly, it is hypothesized:
H3. Environmental Context is positively associated with Capabilities.
Enablers: Navigating Risk and Innovation
Two critical enablers shape how organizations manage AI's dual nature: AI Risk Tolerance and Tech-Sensitive Innovation Culture. AI Risk Tolerance reflects willingness to embrace uncertainty in AI experimentation. While tolerance enables innovation, it also exposes organizations to potential failures 41. Zhao, Lu, et al. 42 demonstrate that error management culture enhances service innovation but note that benefits diminish without proper management systems. Barrett, Newman, et al. 43 emphasize the need for risk governance practices that balance experimentation with safeguards. Tech-Sensitive Innovation Culture encourages AI adoption and experimentation while recognizing technological limitations. Such cultures promote continuous learning and cross-functional collaboration 44 but may also create pressure for premature adoption or insufficient risk assessment. The balance between innovation encouragement and responsible implementation represents a key organizational challenge 45.
H4: Enablers is positively associated with Capabilities.
Hierarchical Perspectives on AI's Bright and Dark Sides
Organizational hierarchy significantly shapes perceptions of AI's opportunities and risks. Executives typically focus on strategic benefits—competitive advantage, market positioning, and long-term value creation 35. They view AI through a predominantly optimistic lens, emphasizing its transformative potential. However, this perspective may underestimate implementation challenges and operational complexities. Practitioners experience AI's dual nature more directly. While recognizing efficiency benefits, they confront data quality issues, integration challenges, and workflow disruptions daily 39. Practitioners are more attuned to AI's limitations, risks, and potential negative consequences 46. Their ground-level experience provides crucial insights into both opportunities and obstacles. Cognitive research illuminates these differences. Managers rely more on intuitive, strategic processing suited for handling ambiguity, while practitioners employ analytical reasoning for operational problem-solving 47,48. These cognitive differences shape how each group perceives AI's bright and dark sides. Cultural perceptions also vary. Executives tend to view organizational culture as innovation-enabling and unified 49, while practitioners report structural impediments and limited influence 50. These divergent perspectives contribute to misalignments in AI adoption strategies, ethical frameworks, and risk management approaches 51. Middle managers serve as critical mediators, bridging strategic vision and operational reality. Their effectiveness in balancing optimism and pragmatism significantly influences transformation outcomes 52. Ineffective mediation can amplify disconnects, reducing organizational adaptability.
H5: Position in Organization (Executives vs. Practitioners) is expected to moderate the relationships in AX processes, reflecting different emphases on the bright and dark sides of AI.
Methodology
Research Model
The research model positions capabilities as mediating variables between antecedents (proactive leadership, environmental context, enablers) and performance, with organizational position as a moderating variable (Figure 2). Capabilities comprise four dimensions: Ability to Run & Change (RC), AI-Oriented Data/IS Readiness (DR), Market/Customer Awareness (MC), and Strategic Process Discipline (SP). Enablers include Tech-Sensitive Innovation Culture (TS) and AI Risk Tolerance (AS).
Figure 2. Research model
<Place Figure 2 here> 
Research Data
Data were collected via an online survey administered through Prolific (https://www.prolific.co). Eligibility was restricted to participants who self-reported current involvement in AI-related projects within their organizations; this criterion was enforced through Prolific’s pre-screening filters and confirmed via an initial screening question at the start of the survey. The final sample comprised 293 professionals (female 50.51%, male 49.49%). Respondents were classified into two groups based on self-reported organizational position: “Executives” included individuals who identified their role as senior management, C-suite, or director-level positions with strategic decision-making authority; “Practitioners” included those in operational, technical, or specialist roles without senior management responsibilities. Middle management roles were classified based on whether respondents indicated primary involvement in strategic decision-making (assigned to Executives) or operational implementation (assigned to Practitioners). It should be noted that this classification relies entirely on self-report and was not independently verified; the implications for construct validity are addressed in the Limitations section. FollowingBlack, et al. 16, definitions and examples of each construct were provided to respondents. Two attention-check items were included to filter inattentive respondents. Table 1 presents the demographic characteristics of the sample.
Table 1. Demographic characteristics
<Place Table 1 here> 
Measures
All survey items were measured using a seven-point Likert scale ranging from “strongly disagree (1)” to “strongly agree (7).” To verify conceptual clarity, alignment withcontext, and comprehensibility, a small-scale pretest was conducted with 30 respondents recruited through Prolific who self-reported current or recent involvement in AI-related projects. Based on the pretest feedback, minor wording adjustments were made to improve item clarity, and two items were rephrased to reduce ambiguity. The hypotheses were tested using partial least squares structural equation modeling (PLS-SEM) with SmartPLS 4.0. PLS-SEM was selected because the research model includes formative second-order constructs (Capabilities and Enablers), which are more appropriately estimated using variance-based methods than covariance-based SEM. This approach has been applied in prior digital transformation research53-59. PLS is a suitable method to detect whether causal effects exist between constructs, it provides insights into the viability of the model. Furthermore,  it steers supplementary discoveries based on the results 60.
The research model includes two formative, endogenous, second-order constructs: Capabilities, with four dimensions (ability to run & change, AI-oriented data/IS readiness, market/customer awareness, and strategic process strength), and Enablers, with two dimensions (AI-sensitive risk tolerance and tech-sensitive innovation culture). A two-stage approach was employed to estimate these second-order formative constructs. In Stage 1, the repeated indicator approach (Chin et al., 2003) was used to obtain latent variable scores for the first-order constructs. In Stage 2, these latent variable scores were used as indicators of the second-order constructs in the structural model61-63. This two-stage approach avoids the flooding-out effect that can result from using repeated indicators in a single-stage estimation63. Furthermore, this study conducted a multi-group analysis (MGA) 64,65 to examine whether the structural relationships, namely the associations between Capabilities and Performance (H1), Proactive Leadership and Capabilities (H2), Environmental Context and Capabilities (H3), and Enablers and Capabilities (H4), differ across groups categorized by organizational position (H5). The PLS-MGA function embedded within SmartPLS was used for this analysis.
The content of the questionnaire is presented in Table 2.
Table 2. Questionnaire
<Place Table 2 here> 
Two attention check items were inserted into the final survey and this acted as a filter out participants not answering in a correct manner (i.e., “Which of these questions best describes your current situation?”) and if the participant answered one of these questions incorrectly, then the survey terminated immediately.
Results
As a preliminary assessment of common method bias (CMB), Harman’s single-factor test was conducted, with the first unrotated factor accounting for 30.21% of variance (below the 50% threshold). While this result provides initial evidence that CMB does not dominate the data, it is acknowledged that Harman’s test has limited sensitivity and specificity as a diagnostic tool. As additional procedural safeguards, the survey employed randomized item ordering, included reverse-coded items, and guaranteed respondent anonymity to reduce social desirability bias. Nonetheless, given the single-source, self-report design, the possibility of residual CMB cannot be fully excluded and should be considered when interpreting the results66. Following Gaskin, et al. 63, first-order constructs were assessed, followed by second-order constructs, the structural model, and multi-group analysis.
Assessing First-Order Constructs
Reliability and validity were confirmed: Cronbach's alpha ranged from 0.689 to 0.832, composite reliability from 0.858 to 0.882, and AVE exceeded 0.5 for all constructs (Table 3). Discriminant validity was established through correlation analysis (Table 4).
Table 3. Reliability and validity of the first-order constructs 
<Place Table 3 here>
Note: RC = ability to run & change, DR = AI-oriented data and IS readiness, MC = market and customer awareness, SP = strategic process discipline, TS = tech-sensitive innovation culture, AS = AI-sensitive risk tolerance, CA = capabilities, EC = environmental context, EN = enablers, PL = proactive leadership, PE = performance 
Table 4. Bivariate correlations of the first-order constructs
<Place Table 4 here>
Note: RC = ability to run & change, DR = AI-oriented data and IS readiness, MC = market and customer awareness, SP = strategic process discipline, TS = tech-sensitive innovation culture, AS = AI-sensitive risk tolerance, CA = capabilities, EC = environmental context, EN = enablers, PL = proactive leadership, PE = performance
Assessing Second-Order Constructs
Variance inflation factors (VIF) for all inner model paths ranged from 1.00 to 3.50, well below the threshold of 5.0, confirming the absence of multicollinearity. For the outer model, all formative indicator VIF values were below 3.3, meeting the recommended criteria for formative measurement. HTMT ratios were examined for discriminant validity. One pair—Environmental Context and Capabilities—yielded an HTMT of 0.928, which exceeds the conservative 0.85 threshold but remains below the more lenient 1.00 criterion recommended for conceptually related constructs. Given that these second-order constructs share common first-order indicators (e.g., industry disruption and organizational transformation operate across both domains), the 1.00 threshold is appropriate here, consistent with Henseler, Ringle, and Sarstedt (2015). [AUTHORS’ NOTE: MICOM (Measurement Invariance of Composite Models) analysis must still be conducted in SmartPLS before the MGA results can be fully validated. This is a prerequisite for multi-group comparison and should confirm configural, compositional, and equality of composite means and variances invariance.] Effect sizes (f²) for the structural paths in the second-stage model indicated that Capabilities → DV exhibited a medium-to-large effect (f² = 0.125), while Environmental Context → Capabilities showed a negligible effect (f² = 0.010), Enablers → Capabilities was negligible (f² < 0.001), and Organizational Precursor → Capabilities showed a small effect (f² = 0.031). Group-level f² values revealed notable asymmetries: for executives, Capabilities → DV (f² = 2.811) and Environmental Context → Capabilities (f² = 2.811) were both large, whereas for practitioners, these were f² = 0.553 and f² = 0.382, respectively. Regarding the plausibility of the executive–practitioner classification, a chi-square test of independence between age group (≤30, 31–40, 41+) and role classification yielded χ²(2) = 7.590, p = 0.023, Cramér’s V = 0.161, indicating a statistically significant but small association. Practitioners were slightly older on average (M = 31.6, SD = 10.0) than executives (M = 29.0, SD = 7.8; t(291) = −2.492, p = 0.013). This pattern is opposite to the conventional expectation and suggests that the role classification captures substantive differences in AI project involvement rather than mere seniority-based age effects. Nevertheless, this association is acknowledged as a limitation. All HTMT ratios were below 1.00 (Table5). Bootstrap analysis (5,000 samples) validated all first-order contributions to second-order constructs (Table 6).
Table 5. Final model HTMT result
<Place Table 5 here>
Note: CA = capabilities, EC = environmental context, EN = enablers, PL = proactive leadership, PE = performance 
Table 6. Bivariate correlations of the second-order constructs
<Place Table 6 here>
Note: CA = capabilities, EC = environmental context, EN = enablers, PL = proactive leadership, PE = performance, *p<0.05, **p < 0.01, ***p < 0.001.
Hypothesis testing revealed that capabilities were significantly and positively associated with perceived performance (β=0.573, p<0.001), supporting H1. It should be noted that performance in this study is operationalized as self-reported perceptions of organizational outcomes (operational efficiency, innovation, financial performance, and market position) rather than objective performance measures; this distinction should be considered when interpreting the magnitude of this association. Proactive leadership showed a modest positive association with capabilities (β=0.225, p<0.01), supporting H2. Environmental context was positively associated with capabilities (β=0.501, p<0.001), supporting H3. Enablers were positively associated with capabilities (β=0.196, p<0.01), supporting H4 (Table7).
Table 7. Hypotheses test results
<Place Table 7 here>
Note: CA = capabilities, EC = environmental context, EN = enablers, PL = proactive leadership, PE = performance 
Figure 3. The final PLS-SEM model
<Place Figure 3 here> 
Multi-Group Analysis
Multi-group analysis was conducted to examine H5. Within-group path estimates are reported below; however, formal between-group difference tests (PLS-MGA permutation p-values) are required to confirm whether the observed differences between groups are statistically significant. PLS-MGA bootstrap analysis (5,000 samples) revealed that the path from Capabilities → DV differed significantly between groups (Δβ = −0.262, p < 0.001), with executives showing a stronger association (β = 0.859, p < 0.001) than practitioners (β = 0.597, p < 0.001). The remaining paths did not differ significantly between groups: Enablers → Capabilities (Δβ = 0.187, p = 0.386), Environmental Context → Capabilities (Δβ = −0.281, p = 0.219), and PL → Capabilities (Δβ = 0.006, p = 0.931). Full between-group comparison results are presented in Table 10. Both groups showed positive associations for H1 (executives: β=0.627, p<0.001; practitioners: β=0.531, p<0.001), with executives showing a descriptively stronger association. For H2, both groups exhibited modest positive associations (executives: β=0.219, p<0.01; practitioners: β=0.239, p<0.05).
Descriptively, the executive group showed a stronger association between environmental context and capabilities (β=0.638, p<0.001) compared to the practitioner group (β=0.398, p<0.001), which may suggest differential sensitivity to external opportunities and threats. The most notable descriptive difference appeared for the enabler path: executivesshowed a non-significant association (β=0.088, p>0.05), while practitioners showed a positive and significant association (β=0.268, p<0.001). This pattern may indicate that executives place less emphasis on risk tolerance and innovation culture compared to practitioners, although this interpretation requires confirmation through formal between-group difference testing (Tables 8 and 9).
Table 8. Executive Group MGA Result
<Place Table 8 here>
Note: CA = capabilities, EC = environmental context, EN = enablers, PL = proactive leadership, PE = performance, *p < 0.05, **p < 0.01, ***p < 0.001.
Table 9. Practitioner Group MGA Result 
<Place Table 9 here>
Note: CA = capabilities, EC = environmental context, EN = enablers, PL = proactive leadership, PE = performance, *p < 0.05, **p < 0.01, ***p < 0.001.
Discussion
This study illuminates how organizational hierarchy shapes experiences of AI's bright and dark sides. Executives emphasize strategic opportunities—competitive positioning, market responsiveness, and long-term value creation—representing the bright side of AI transformation 33. In contrast, practitioners prioritize operational enablers—risk management, data readiness, innovation culture, and system integration—reflecting greater awareness of AI's dark side challenges 26,41.
Theoretical Contributions
The findings advance understanding of AI transformation’s dual nature by positioning organizational hierarchy as a structural moderator that may shape perception of both opportunities and risks. WhileBlack, et al. 16 identified critical enablers from primarily executive perspectives, the present multi-level analysis suggests asymmetries in how these enablers are valued across organizational levels. This research extends dynamic capabilities theory by indicating that capabilities may be neither uniformly perceived nor enacted across organizational strata67. Executives focus on strategic sensing and high-level coordination, emphasizing AI's transformative potential. Practitioners concentrate on operational integration and risk mitigation, experiencing AI's limitations and challenges more directly. This divergence suggests that effective AI transformation requires deliberately bridging these perspectives rather than privileging one over the other. The findings complement literature on AI’s dark side by suggesting that awareness of risks and challenges may vary with organizational position1,31. Practitioners' strong emphasis on enablers (particularly risk tolerance and innovation culture) reflects their frontline experience with AI's complexities, failures, and unintended consequences. Conversely, executives' weaker valuation of these enablers suggests potential blind spots regarding implementation challenges, which finding with significant implications for transformation success. The study also extends research on algorithmic management2. and AI adoption barriers by demonstrating that bright-side narratives dominate at executive levels while dark-side concerns concentrate at practitioner levels 5. This asymmetry can create misalignment, where strategic enthusiasm proceeds without adequate attention to risk management, data quality, ethical considerations, and workforce impact precisely the factors practitioners identify as critical.
Practical Contributions
The observed patterns suggest that organizations may benefit from balancing executive optimism about opportunities with practitioner pragmatism about challenges. While these cross-sectional findings do not establish causal relationships or prescriptive solutions, they point to several directions worth exploring:
First, organizations might consider governance structures that incorporate both opportunity-oriented and risk-oriented perspectives. AI steering committees that include both strategic visionaries and operational experts may be better positioned to surface implementation challenges, ethical risks, and unintended consequences29. Second, formal communication channels connecting strategic planning with operational reality may help bridge the perceptual gaps identified in this study. Co-creation workshops, cross-functional teams, and embedded liaisons could help executives understand implementation complexities while helping practitioners appreciate strategic imperatives46. Such bidirectional communication may be valuable for balancing opportunity pursuit with risk management.
Third, the practitioner group’s emphasis on enablers suggests that adaptive innovation cultures embracing both experimentation and learning from failure may deserve greater attention. Practitioners’ stronger association with risk tolerance and innovation culture may reflect recognition that AI transformation involves navigating uncertainty and managing setbacks. Organizations might consider developing psychological safety, sandbox environments, and formal failure analysis processes41. Fourth, investing in middle management capabilities for bridging strategic and operational perspectives warrants further investigation. Middle managers who translate executive vision into actionable plans while surfacing practitioner concerns about risks and challenges may serve as important integrators52. Fifth, regular alignment assessments examining whether executives and practitioners perceive AI opportunities and risks similarly could be valuable. Surveys, workshops, and structured dialogues may help reveal potential disconnects and enable intervention before they impede transformation efforts. The findings of this study suggest that auditing AI governance to ensure both opportunity-oriented and risk-oriented perspectives receive attention at all hierarchical levels may be a productive direction. When strategic enthusiasm and operational pragmatism are better aligned, AI initiatives may be more likely to progress from pilot phases into sustainable organizational capabilities.
Limitations and Future Research
This study has several limitations that should be considered when interpreting the findings. First, the cross-sectional design precludes causal inferences; the associations reported should not be interpreted as establishing directional relationships between constructs. Longitudinal research could examine whether practitioner concerns about dark-side issues diminish as systems mature, or whether new challenges emerge. Second, all data were collected through a single self-report instrument, raising the possibility of common method bias despite the procedural safeguards described above. The reliance on self-reported organizational role classification, without independent verification, is a particular concern given that organizational position serves as the study’s core moderator. Additionally, the use of a crowdsourcing platform (Prolific) raises questions about the representativeness of the sample: the demographic profile (59.73% aged 20s or younger) may not be typical of organizations engaged in AI transformation, and the validity of self-reported executive status among younger respondents warrants careful consideration. A post hoc chi-square analysis confirmed a statistically significant but small association between age group and role classification (χ²(2) = 7.590, p = 0.023, Cramér’s V = 0.161). Notably, practitioners were slightly older on average (M = 31.6, SD = 10.0) than executives (M = 29.0, SD = 7.8; t(291) = −2.492, p = 0.013), a pattern opposite to conventional expectations, suggesting the classification reflects substantive differences in AI project involvement rather than seniority-based age effects. Performance was measured through individual perceptions rather than objective organizational outcomes, which limits the interpretability of the capabilities–performance relationship. Future research should consider multi-source data collection, objective performance metrics, and verified role classifications to strengthen construct validity.
Third, while the quantitative approach enables hypothesis testing, it cannot capture the rich interpretive processes through which bright and dark sides are constructed and negotiated. Qualitative methods—ethnographic case studies, shadowing, embedded fieldwork—could illuminate how organizational actors frame opportunities and risks, contest competing narratives, and institutionalize perspectives.
Fourth, the sample spans multiple industries but does not capture cross-national variation in AI adoption, regulation, and risk perception. Cultural differences in authority relations, risk tolerance, and innovation orientation may shape how hierarchical asymmetries manifest. Comparative research could examine whether bright/dark side dynamics vary across institutional contexts.
Fifth, middle management’s mediating role remains underexplored. Future research should examine how middle managers balance optimistic strategic mandates with pragmatic operational constraints, and whether they amplify or attenuate bright-side/dark-side tensions.
Sixth, research should investigate how bright-side and dark-side perceptions shift over time. Initial executive enthusiasm may wane upon encountering implementation obstacles, while practitioner resistance may decrease as systems demonstrate value. Capturing these temporal dynamics would enrich understanding of AI transformation's evolutionary nature.
Finally, scholars should examine interactions between organizational hierarchy and contextual factors—industry disruption, regulatory intensity, ethical scrutiny—in shaping bright/dark side perceptions. Highly regulated industries or those facing public scrutiny may show different patterns than technology-intensive sectors with less oversight.
Future research might also explore sociotechnical implications of hierarchy-informed AI adoption, examining how power relations, trust mechanisms, and accountability structures evolve. Understanding these dynamics is essential for developing AI governance frameworks that balance innovation and responsibility across organizational levels.
Figure Legend:
Figure 1: AI transformation model. Adapted from Black, Samson, and Ellis (2024). [AUTHORS’ NOTE: Confirm CC-BY reprint permission and correct typographic errors in figure file: “Enviromental” → “Environmental,” “Orgarnizatoinal” → “Organizational,” and standardize “Pro-Active” to “Proactive.”]
Figure 2: Research model. Note: RC = ability to run & change, DR = AI-oriented data/IS readiness, MC = market/customer awareness, SP = strategic process discipline, TS = tech-sensitive innovation culture, AS = AI-sensitive risk tolerance. Position in Organization represents the moderating variable (Executives vs. Practitioners). [AUTHORS’ NOTE: Revise the figure to depict Position in Organization as a moderator (not a direct predictor) to match the analytical model.]
Figure 3: The final PLS-SEM structural model results, showing path coefficients and R² values for endogenous constructs (Capabilities R² = 0.682; Performance R² = 0.328). The final PLS-SEM model
Table Legend:
Table 1: Demographic characteristics
Table 2: Questionnaire
Table 3: Reliability and validity of the first-order constructs
Table 4: Bivariate correlations of the first-order constructs
Table 5: Final model HTMT result
Table 6: Bivariate correlations of the second-order constructs
Table 7: Hypotheses test results
Table 8: Executive Group MGA Result
Table 9: Practitioner Group MGA Result
Table 10. PLS-MGA Between-Group Difference Test Results (Bootstrap, 5,000 samples). Path | Δβ (Practitioner − Executive) | p-value (2-tailed) | Result. Capabilities → DV | −0.262 | < 0.001 | Significant. Enablers → Capabilities | 0.187 | 0.386 | Not significant. Environmental Context → Capabilities | −0.281 | 0.219 | Not significant. PL → Capabilities | 0.006 | 0.931 | Not significant. Note: Differences computed as Practitioner minus Executive path coefficients. Significance determined using PLS-MGA bootstrap procedure with 5,000 subsamples.
ACKNOWLEDGMENTS: 
This work is written with support for research funding from aSSIST University.
DISCLOSURES: 
The authors declare no conflicts of interest.
Author contribution:
SS designed the experiment, collected and analyzed the data, and drafted and revised the manuscript. JK, ML assisted with the experiment, analyzed the data, and drafted and revised the manuscript. EL, CK supervised the experimental design and data collection and revised the manuscript. All authors contributed to the article and approved the submitted version.
References:
[AUTHORS’ NOTE – REFERENCE ISSUES TO ADDRESS IN ENDNOTE:]
(1) DUPLICATE: Refs 16 and 32 are identical (Black et al. 2024). Remove one and renumber all citations. (2) PREPRINTS: Refs 3 (Maslej et al.), 40 (Li et al.), 44 (Barrett et al.) are arXiv preprints – replace with published equivalents or remove per JoVE policy. (3) GREY LITERATURE: Refs 17 (Houter/Gallup), 18 (Challapally/MIT), 51 (Perry/lek.com) are non-peer-reviewed – replace with peer-reviewed sources or reframe supporting claims. (4) INCOMPLETE: Ref 48 (Caspers et al. 2012) missing journal, volume, pages. (5) FORMAT: Ref 18 author entry malformed; Ref 51 mixes name formats. (6) Reformat all references to JoVE Vancouver style: Author(s). Title. Journal. Year;volume:pages.
1	Barari, M., Casper Ferm, L.-E., Quach, S., Thaichon, P. & Ngo, L. The dark side of artificial intelligence in marketing: meta-analytics review. Marketing Intelligence & Planning. 42 (7), 1234-1256 (2024).
2	Benlian, A. et al. Algorithmic management: bright and dark sides, practical implications, and research opportunities. Business & Information Systems Engineering. 64 (6), 825-839 (2022).
3	Maslej, N. et al. Artificial intelligence index report 2025. arXiv preprint arXiv:2504.07139.  (2025).
4	Ntoutsi, E. et al. Bias in data‐driven artificial intelligence systems—An introductory survey. Wiley Interdisciplinary Reviews: Data Mining and Knowledge Discovery. 10 (3), e1356 (2020).
5	Ivanov, S. The dark side of artificial intelligence in higher education. The Service Industries Journal. 43 (15-16), 1055-1082 (2023).
6	Akerkar, R. Artificial intelligence for business.  (Springer, 2019).
7	Huang, M.-H. & Rust, R. T. A strategic framework for artificial intelligence in marketing. Journal of the academy of marketing science. 49 (1), 30-50 (2021).
8	Zajko, M. Conservative AI and social inequality: conceptualizing alternatives to bias through social theory. Ai & Society. 36 (3), 1047-1056 (2021).
9	McClure, P. K. “You’re fired,” says the robot: The rise of automation in the workplace, technophobes, and fears of unemployment. Social Science Computer Review. 36 (2), 139-156 (2018).
10	Gigerenzer, G. How to stay smart in a smart world: Why human intelligence still beats algorithms.  (MIT Press, 2022).
11	Zhang, S., Mehta, N., Singh, P. V. & Srinivasan, K. Frontiers: Can an artificial intelligence algorithm mitigate racial economic inequality? An analysis in the context of Airbnb. Marketing Science. 40 (5), 813-820 (2021).
12	Guercini, S. Marketing automation and decision making: The role of heuristics and AI in marketing.  (Edward Elgar Publishing, 2023).
13	Aldoseri, A., Al-Khalifa, K. N. & Hamouda, A. M. AI-powered innovation in digital transformation: Key pillars and industry impact. Sustainability. 16 (5), 1790 (2024).
14	Allen, D. et al. A roadmap for governing AI: technology governance and power-sharing liberalism. AI and Ethics. 5 (3), 3355-3377 (2025).
15	Smuha, N. A. From a ‘race to AI’to a ‘race to AI regulation’: regulatory competition for artificial intelligence. Law, Innovation and Technology. 13 (1), 57-84 (2021).
16	Black, S., Samson, D. & Ellis, A. Moving beyond ‘proof points’: Factors underpinning AI-enabled business model transformation. International Journal of Information Management. 77  (2024).
17	Houter, K. D. AI in the Workplace: Answering 3 Big Questions, <https://www.gallup.com/workplace/651203/workplace-answering-big-questions.aspx#:~:text=aiming%20to%20boost%20productivity,technologies%20to%20improve%20business%20practices> (2024).
18	Challapally, A. P., Chris; Raskar, Ramesh; Chari, Pradyumna. The GenAI divide: State of AI in business 2025. 1-26 (Massachusetts Institute of Technology, Project NANDA, 2025).
19	Grewal, D., Guha, A., Satornino, C. B. & Schweiger, E. B. Artificial intelligence: The light and the darkness. Journal of Business Research. 136 229-236 (2021).
20	Belanche, D., Belk, R. W., Casaló, L. V. & Flavián, C. The dark side of artificial intelligence in services. The Service Industries Journal. 44 (3-4), 149-172 (2024).
21	March, J. G. Exploration and exploitation in organizational learning. Organization science. 2 (1), 71-87 (1991).
22	Wamba, S. F., Akter, S., Edwards, A., Chopin, G. & Gnanzou, D. How ‘big data’can make big impact: Findings from a systematic review and a longitudinal case study. International journal of production economics. 165 234-246 (2015).
23	Rane, N. Enhancing customer loyalty through Artificial Intelligence (AI), Internet of Things (IoT), and Big Data technologies: improving customer satisfaction, engagement, relationship, and experience. Internet of Things (IoT), and Big Data Technologies: Improving Customer Satisfaction, Engagement, Relationship, and Experience (October 13, 2023).  (2023).
24	Finkelstein, S., Hambrick, D. C. & Cannella, A. A. Strategic leadership: Theory and research on executives, top management teams, and boards.  (Oxford University Press, 2009).
25	Teece, D., Peteraf, M. & Leih, S. Dynamic capabilities and organizational agility: Risk, uncertainty, and strategy in the innovation economy. California management review. 58 (4), 13-35 (2016).
26	Grover, V. Digital agility: responding to digital opportunities. European Journal of Information Systems. 31 (6), 709-715 (2022).
27	Nguyen, T. et al. The organisational impact of agility: a systematic literature review. Management Review Quarterly. 1-49 (2024).
28	Atienza-Barba, M., del Río, M. d. l. C., Meseguer-Martínez, Á. & Barba-Sanchez, V. Artificial intelligence and organizational agility: An analysis of scientific production and future trends. European Research on Management and Business Economics. 30 (2), 100253 (2024).
29	Hiniduma, K., Byna, S. & Bez, J. L. Data readiness for AI: A 360-degree survey. ACM Computing Surveys. 57 (9), 1-39 (2025).
30	Ghosh, S. Developing artificial intelligence (AI) capabilities for data-driven business model innovation: Roles of organizational adaptability and leadership. Journal of Engineering and Technology Management. 75 101851 (2025).
31	Cheng, X., Lin, X., Shen, X.-L., Zarifis, A. & Mou, J. The dark sides of AI. Electronic Markets. 32 (1), 11-15 (2022).
32	Sinnaiah, T., Adam, S. & Mahadi, B. A strategic management process: the role of decision-making style and organisational performance. Journal of Work-Applied Management. 15 (1), 37-50 (2023).
33	Augier, M. & Teece, D. J. Dynamic capabilities and the role of managers in business strategy and economic performance. Organization science. 20 (2), 410-421 (2009).
34	Sposato, M. Leadership training and development in the age of artificial intelligence. Development and Learning in Organizations: An International Journal. 38 (4), 4-7 (2024).
35	Abonamah, A. A. & Abdelhamid, N. Managerial insights for AI/ML implementation: a playbook for successful organizational integration. Discover Artificial Intelligence. 4 (1), 22 (2024).
36	Biswas, M. I., Talukder, M. S. & Khan, A. R. Who do you choose? Employees' perceptions of artificial intelligence versus humans in performance feedback. China Accounting and Finance Review. 26 (4), 512-532 (2024).
37	Porter, M. E. Towards a dynamic theory of strategy. Strategic management journal. 12 (S2), 95-117 (1991).
38	Singh, R., Charan, P. & Chattopadhyay, M. Dynamic capabilities and responsiveness: moderating effect of organization structures and environmental dynamism. Decision. 46 (4), 301-319 (2019).
39	Li, Z. S., Arony, N. N., Awon, A. M., Damian, D. & Xu, B. AI tool use and adoption in software development by individuals and organizations: a grounded theory study. arXiv preprint arXiv:2406.17325.  (2024).
40	Binsar, F., Mursitama, T. N., Hamsal, M. & Rahim, R. K. The role of digital adoption capability on hospital performance in Indonesia moderated by environmental dynamism. Journal of Health Organization and Management. 39 (1), 1-21 (2025).
41	Wu, L. & Yang, J. How does tolerance culture affect organizational agility? The moderating effect of top management team diversity. Total Quality Management & Business Excellence. 36 (3-4), 324-344 (2025).
42	Zhao, B., Lu, Y., Wang, X. & Pang, L. Challenge stressors and learning from failure: the moderating roles of emotional intelligence and error management culture. Technology Analysis & Strategic Management. 36 (2), 238-251 (2024).
43	Barrett, A. M. et al. AI Risk-Management Standards Profile for General-Purpose AI (GPAI) and Foundation Models. arXiv preprint arXiv:2506.23949.  (2025).
44	Kanski, L. & Pizon, J. The impact of selected components of industry 4.0 on project management. Journal of Innovation & Knowledge. 8 (1), 100336 (2023).
45	Ali, M., Khan, T. I., Khattak, M. N. & Şener, İ. Synergizing AI and business: Maximizing innovation, creativity, decision precision, and operational efficiency in high-tech enterprises. Journal of Open Innovation: Technology, Market, and Complexity. 10 (3), 100352 (2024).
46	Koponen, J., Julkunen, S., Laajalahti, A., Turunen, M. & Spitzberg, B. Work characteristics needed by middle managers when leading AI-integrated service teams. Journal of Service Research. 28 (1), 168-185 (2025).
47	Caspers, S. et al. Dissociated neural processing for decisions in managers and non-managers.   (2012).
48	Yamazaki, Y., Toyama, M. & Putranto, A. J. Comparing managers’ and non-managers’ learning and competencies. Journal of Workplace Learning. 30 (4), 274-290 (2018).
49	Dunger, S. It’s the hierarchy, stupid: Varying perceptions of organizational culture between demographic groups. International Studies of Management & Organization. 55 (1), 83-111 (2025).
50	Darren Perry, C. R., Jenny Lieb, Rob Wild, Julie Sussman. Your AI Transformation Needs a Different Leadership Approach. (lek.com, 2025).
51	Rakova, B., Yang, J., Cramer, H. & Chowdhury, R. Where responsible AI meets reality: Practitioner perspectives on enablers for shifting organizational practices. Proceedings of the ACM on Human-Computer Interaction. 5 (CSCW1), 1-23 (2021).
52	Koloski, D., Porter, C., Almand-Hunter, B., Gatchell, S. & Logan, V. Data literacy in industry: High time to focus on operationalization through middle managers. Harvard Data Science Review. 7 (1),  (2025).
53	Abdelwahed, N. A. A. et al. Enabling sustainable futures: examining organizational dynamics and technology platforms in digital transformation to achieve firm sustainability. International Journal of Innovation Science.  (2025).
54	Depino-Besada, N. I., Sartal, A., León-Mateos, F. & Llach, J. Exploring the relationships between digital transformation, organizational slack and business performance: a configurational approach. Business Process Management Journal. 31 (2), 416-442 (2025).
55	Hongyun, T. et al. Navigating the digital landscape: examining the interdependencies of digital transformation and big data in driving SMEs' innovation performance. Kybernetes. 54 (3), 1797-1825 (2025).
56	Mamakou, X. J. & Nakos, A. Navigating the Digital Future: Impact and Opportunities of Digital Transformation and the Metaverse. Procedia Computer Science. 256 12-19 (2025).
57	Rana, J., Daultani, Y., Goswami, M. & Kumar, S. Exploring the Impact of Supply Chain Digital Transformation on Supply Chain Performance: An Empirical Investigation. Business Strategy and the Environment. 34 (3), 3497-3521 (2025).
58	Singh, K., Chaudhuri, R. & Chatterjee, S. Assessing the impact of digital transformation on green supply chain for achieving carbon neutrality and accelerating circular economy initiatives. Computers & Industrial Engineering. 201 110943 (2025).
59	Takagi, N., Menezes, R., Varajao, J. & Faria, S. Harnessing information processing theory: key organizational initiatives for digital transformation projects success. International Journal of Managing Projects in Business. 18 (2), 410-433 (2025).
60	Fornell, C. & Larcker, D. F. Evaluating structural equation models with unobservable variables and measurement error. Journal of marketing research. 18 (1), 39-50 (1981).
61	Loch, K. D., Straub, D. W. & Kamel, S. in Global Information Systems     143-175 (Routledge, 2008).
62	Marakas, G., Johnson, R. & Clay, P. F. The evolving nature of the computer self-efficacy construct: An empirical investigation of measurement construction, validity, reliability and stability over time. Journal of the Association for Information Systems. 8 (1), 2 (2007).
63	Gaskin, J., Godfrey, S. & Vance, A. Successful system use: It’s not just who you are, but what you do. AIS Transactions on Human-Computer Interaction. 10 (2), 57-81 (2018).
64	Henseler, J. in Challenges at the Interface of Data Analysis, Computer Science, and Optimization: Proceedings of the 34th Annual Conference of the Gesellschaft für Klassifikation e. V., Karlsruhe, July 21-23, 2010.  495-501 (Springer).
65	Cheah, J.-H., Amaro, S. & Roldán, J. L. Multigroup analysis of more than two groups in PLS-SEM: A review, illustration, and recommendations. Journal of Business Research. 156 113539 (2023).
66	Podsakoff, P. M., MacKenzie, S. B., Lee, J.-Y. & Podsakoff, N. P. Common method biases in behavioral research: a critical review of the literature and recommended remedies. Journal of applied psychology. 88 (5), 879 (2003).
67	Teece, D. J. Business models and dynamic capabilities. Long range planning. 51 (1), 40-49 (2018).",unknown
